<queries total='415083' uniq='9565' nr='50' date='20040408'>
  <query count='11866'>libxml2</query>
  <query count='10194'>libxml</query>
  <query count='6196'>xpath</query>
  <query count='5852'>schema</query>
  <query count='5525'>xmllint</query>
  <query count='5453'>XML</query>
  <query count='4255'>xmlParseFile</query>
  <query count='3983'>php</query>
  <query count='3282'>DTD</query>
  <query count='3143'>encoding</query>
  <query count='3114'>xmlGetProp</query>
  <query count='3086'>xsltproc</query>
  <query count='2995'>download</query>
  <query count='2923'>xmlNodeListGetString</query>
  <query count='2801'>python</query>
  <query count='2651'>SAX</query>
  <query count='2533'>xmlParseMemory</query>
  <query count='2411'>perl</query>
  <query count='2330'>iconv</query>
  <query count='2316'>error</query>
  <query count='2255'>html</query>
  <query count='2148'>xmlChar</query>
  <query count='2082'>libxslt</query>
  <query count='2020'>c++</query>
  <query count='1940'>xmlNodePtr</query>
  <query count='1924'>windows</query>
  <query count='1891'>to</query>
  <query count='1880'>node</query>
  <query count='1860'>xmlFree</query>
  <query count='1802'>example</query>
  <query count='1763'>install</query>
  <query count='1733'>parser</query>
  <query count='1717'>namespace</query>
  <query count='1702'>xmlNewDoc</query>
  <query count='1589'>xmlnode</query>
  <query count='1570'>xmlStrcmp</query>
  <query count='1529'>parse</query>
  <query count='1490'>memory</query>
  <query count='1469'>dom</query>
  <query count='1450'>XInclude</query>
  <query count='1423'>entity</query>
  <query count='1396'>xmlSaveFormatFile</query>
  <query count='1373'>attribute</query>
  <query count='1373'>xslt</query>
  <query count='1363'>xsd</query>
  <query count='1350'>xmlDocPtr</query>
  <query count='1303'>xmlDocGetRootElement</query>
  <query count='1270'>validate</query>
  <query count='1234'>validation</query>
  <query count='1146'>tutorial</query>
</queries>
